old_path;new_url;article_id;year;issue;doi;title_ru
/files/arch/2023/2023-N2/Varkhotov_VTE_2023_2.pdf;https://questionset.ru/article/318/;318;2023;2;10.52342/2587-7666vte_2023_2_7_21;МЕТОД ПРОТИВ ИСТИНЫ (Часть 1. По направлению к одномерности — становление критической теории Франкфуртской школы)
/files/arch/2023/2023-N2/Tambovtsev_VTE_2023_2.pdf;https://questionset.ru/article/319/;319;2023;2;10.52342/2587-7666vte_2023_2_22_34;ИНСТИТУЦИОНАЛЬНАЯ СЛОЖНОСТЬ: НОВОЕ НАПРАВЛЕНИЕ ИЗУЧЕНИЯ ИНСТИТУТОВ?
/files/arch/2023/2023-N2/Klyachko_VTE_2023_2.pdf;https://questionset.ru/article/320/;320;2023;2;10.52342/2587-7666vte_2023_2_35_51;РОССИЙСКАЯ СИСТЕМА ВЫСШЕГО ОБРАЗОВАНИЯ НА ПЕРЕЛОМЕ
/files/arch/2023/2023-N2/Odintsova_VTE_2023_2.pdf;https://questionset.ru/article/321/;321;2023;2;10.52342/2587-7666vte_2023_2_52_63;МЕСТНОЕ СООБЩЕСТВО: ПРОБЛЕМА ИНСТИТУЦИОНАЛИЗАЦИИ
/files/arch/2023/2023-N2/Gloveli_VTE_2023_2.pdf;https://questionset.ru/article/322/;322;2023;2;10.52342/2587-7666vte_2023_2_64_84;ОТ ПЕТТИ К СМИТУ: ПРОИСХОЖДЕНИЕ КЛАССИЧЕСКОЙ ПОЛИТЭКОНОМИИ В ИСТОРИКО- НАУЧНОЙ И МИР-СИСТЕМНОЙ РЕТРОСПЕКТИВЕ
/files/arch/2023/2023-N2/Medushevsky_VTE_2023_2.pdf;https://questionset.ru/article/323/;323;2023;2;10.52342/2587-7666vte_2023_2_85_98;Когнитивная война: социальный контроль, управление сознанием и инструмент глобального доминирования. Часть 1
/files/arch/2023/2023-N2/Tikhonova_VTE_2023_2.pdf;https://questionset.ru/article/324/;324;2023;2;10.52342/2587-7666vte_2023_2_99_117;Социальная успешность российских профессионалов: масштабы, характер, факторы
/files/arch/2023/2023-N2/Latov_VTE_2023_2.pdf;https://questionset.ru/article/325/;325;2023;2;10.52342/2587-7666vte_2023_2_118_132;Экспертное мнение о российских профессионалах: тенденции, парадоксы, проблемы
/files/arch/2023/2023-N2/Melnik_Kholdevich_VTE_2023_2.pdf;https://questionset.ru/article/326/;326;2023;2;10.52342/2587-7666vte_2023_2_133_155;Отблеск ушедшего НЭПа? Японская нефтяная концессия на Сахалине (1925–1944)
/files/arch/2023/2023-N2/Ermolov_VTE_2023_2.pdf;https://questionset.ru/article/327/;327;2023;2;10.52342/2587-7666vte_2023_2_156_173;Взгляды современных российских учёных на экономические проблемы позднего СССР . Часть 2
/files/arch/2023/2023-N2/Orekhovsky_VTE_2023_2.pdf;https://questionset.ru/article/328/;328;2023;2;10.52342/2587-7666vte_2023_2_174_183;Экономическая история позднего СССР: Новый плюрализм (О книгах Николая Митрохина* и манифесте «Кристалл роста. К русскому экономическому чуду») [* Митрохин Николай Александрович включен в реестр иностранных агентов 08.09.2023]
/files/arch/2023/2023-N3/Zaostrovtsev_VTE_2023_3.pdf;https://questionset.ru/article/329/;329;2023;3;10.52342/2587-7666vte_2023_3_7_21;Эффект колеи, культура и «критические моменты» в институциональной истории
/files/arch/2023/2023-N3/Nikolaev_VTE_2023_3.pdf;https://questionset.ru/article/330/;330;2023;3;10.52342/2587-7666vte_2023_3_22_34;Концепция экономической сложности как теоретическая основа выбора экономической стратегии России в условиях масштабных внешних ограничений
/files/arch/2023/2023-N3/Libman_VTE_2023_3.pdf;https://questionset.ru/article/331/;331;2023;3;10.52342/2587-7666vte_2023_3_35_48;Междисциплинарные исследования и смешанные методы: перспективы и ограничения
/files/arch/2023/2023-N3/Varkhotov_VTE_2023_3.pdf;https://questionset.ru/article/332/;332;2023;3;10.52342/2587-7666vte_2023_3_49_61;Метод против истины. Часть 2: Схизма с советским марксизмом и трансформация дискурса Франкфуртской школы
/files/arch/2023/2023-N3/Novikova_Zafarjonova_VTE_2023_3.pdf;https://questionset.ru/article/333/;333;2023;3;10.52342/2587-7666vte_2023_3_62_79;Оценки потребности в оборотном капитале при инвестициях в развитие здравоохранения
/files/arch/2023/2023-N3/Markova_VTE_2023_3.pdf;https://questionset.ru/article/334/;334;2023;3;10.52342/2587-7666vte_2023_3_80_91;Аэропорты как платформы: следствия для антимонопольного правоприменения
/files/arch/2023/2023-N3/Medushevskiy_VTE_2023_3.pdf;https://questionset.ru/article/335/;335;2023;3;10.52342/2587-7666vte_2023_3_92_107;Когнитивная война: социальный контроль, управление сознанием и инструмент глобального доминирования. Часть 2
/files/arch/2023/2023-N3/Rimskiy_VTE_2023_3.pdf;https://questionset.ru/article/336/;336;2023;3;10.52342/2587-7666vte_2023_3_108_126;Господство государственной бюрократии в России
/files/arch/2023/2023-N3/Baskakova_VTE_2023_3.pdf;https://questionset.ru/article/337/;337;2023;3;10.52342/2587-7666vte_2023_3_127_146;Государственное регулирование занятости женщин и профессиональная сегрегация в российской сфере труда – 100 лет истории. Часть 1. 1918-1945 гг.
/files/arch/2023/2023-N3/Stepanov_VTE_2023_3.pdf;https://questionset.ru/article/338/;338;2023;3;10.52342/2587-7666vte_2023_3_147_156;Денежная реформа 1993 г. в мемуаристике и научной литературе
/files/arch/2023/2023-N3/Balatsky_VTE_2023_3.pdf;https://questionset.ru/article/339/;339;2023;3;10.52342/2587-7666vte_2023_3_157_170;Метод событийно-психологической диагностики и «китайское пророчество» Джека Лондона
/files/arch/2023/2023-N3/Feldman_VTE_2023_3.pdf;https://questionset.ru/article/340/;340;2023;3;10.52342/2587-7666vte_2023_3_171_177;Кораблестроение при Николае II (о новой книге В.В. Поликарпова)
/files/arch/2023/2023-N4/Yurevich_VTE_2023_4.pdf;https://questionset.ru/article/341/;341;2023;4;10.52342/2587-7666vte_2023_4_7_21;Технологический суверенитет России: понятие, измерение, возможность достижения
/files/arch/2023/2023-N4/Yanovskiy_VTE_2023_4.pdf;https://questionset.ru/article/342/;342;2023;4;10.52342/2587-7666vte_2023_4_22_40;Излечение здравоохранения: исторический опыт старых демократий и уроки для России
/files/arch/2023/2023-N4/Tambovtsev_VTE_2023_4.pdf;https://questionset.ru/article/343/;343;2023;4;10.52342/2587-7666vte_2023_4_41_52;Терминологические инновации и развитие институциональных исследований
/files/arch/2023/2023-N4/Volchik_VTE_2023_4.pdf;https://questionset.ru/article/344/;344;2023;4;10.52342/2587-7666vte_2023_4_53_67;Недостоверные нарративы в контексте институциональных изменений
/files/arch/2023/2023-N4/Dmitriev_VTE_2023_4.pdf;https://questionset.ru/article/345/;345;2023;4;10.52342/2587-7666vte_2023_4_68_92;Дмитриев М.Э. Долгосрочные перспективы российского экспорта
/files/arch/2023/2023-N4/Dozhdikov_VTE_2023_4.pdf;https://questionset.ru/article/346/;346;2023;4;10.52342/2587-7666vte_2023_4_93_114;Прогнозирование результатов кинопроката с помощью машинного обучения
/files/arch/2023/2023-N4/Borokh_VTE_2023_4.pdf;https://questionset.ru/article/347/;347;2023;4;10.52342/2587-7666vte_2023_4_115_136;Вклад Фан Сяньтина в изучение проблем индустриализации Китая (1920-е – 1930-е гг.)
/files/arch/2023/2023-N4/Orekhovsky_VTE_2023_4.pdf;https://questionset.ru/article/348/;348;2023;4;10.52342/2587-7666vte_2023_4_137_154;История экономической мысли глазами структуралиста (Часть 1. Классики и Маркс)
/files/arch/2023/2023-N4/Mukhanova_VTE_2023_4.pdf;https://questionset.ru/article/349/;349;2023;4;10.52342/2587-7666vte_2023_4_155_173;Предпринимательство в российском аграрном секторе
/files/arch/2023/2023-N4/Stepanov_VTE_2023_4.pdf;https://questionset.ru/article/350/;350;2023;4;10.52342/2587-7666vte_2023_4_174_181;Денежная реформа 1997–1998 гг. в ретроспективе
/files/arch/2023/2023-N4/Balatsky_VTE_2023_4.pdf;https://questionset.ru/article/351/;351;2023;4;10.52342/2587-7666vte_2023_4_182_190;Н. Талеб о толстых хвостах статистических распределений: вглубь и за пределы инструментария
/files/arch/2024/2024-N1/Balatsky_VTE_2024_1.pdf;https://questionset.ru/article/301/;301;2024;1;10.52342/2587-7666vte_2024_1_7_21;РУДИМЕНТАРНЫЙ ИНСТИТУТ УЧЁНЫХ ЗВАНИЙ В РОССИИ: СМИРИТЬСЯ ИЛИ РЕФОРМИРОВАТЬ?
/files/arch/2024/2024-N1/Zubarevich_VTE_2024_1.pdf;https://questionset.ru/article/303/;303;2024;1;10.52342/2587-7666vte_2024_1_34_47;РЕГИОНЫ РОССИИ В КОНЦЕ 2023 г.: УДАЛОСЬ ЛИ ПРЕОДОЛЕТЬ КРИЗИСНЫЙ СПАД?
/files/arch/2024/2024-N1/Maltsev_VTE_2024_1.pdf;https://questionset.ru/article/304/;304;2024;1;10.52342/2587-7666vte_2024_1_48_64;ОЦЕНКА ДОБАВЛЕННОЙ СТОИМОСТИ ВО ВНЕШНЕЙ ТОРГОВЛЕ: СОВРЕМЕННЫЕ ПОДХОДЫ
/files/arch/2024/2024-N1/Shestakova_VTE_2024_1.pdf;https://questionset.ru/article/305/;305;2024;1;10.52342/2587-7666vte_2024_1_65_78;СОВРЕМЕННЫЕ НАПРАВЛЕНИЯ РЕФОРМИРОВАНИЯ ПЕНСИОННЫХ СИСТЕМ
/files/arch/2024/2024-N1/Zhavoronkov_VTE_2024_1.pdf;https://questionset.ru/article/306/;306;2024;1;10.52342/2587-7666vte_2024_1_79_95;НОВЫЕ ПОПЫТКИ ЭКОНОМИЧЕСКОЙ ЛИБЕРАЛИЗАЦИИ ПРИ НЕЛИБЕРАЛЬНОМ РЕЖИМЕ: ИЗ НОВЕЙШЕЙ ЭКОНОМИЧЕСКОЙ ИСТОРИИ УЗБЕКИСТАНА И КАЗАХСТАНА
/files/arch/2024/2024-N1/Avtonomov_VTE_2024_1.pdf;https://questionset.ru/article/307/;307;2024;1;10.52342/2587-7666vte_2024_1_96_105;СУДЬБА «БОЛЬШИХ ТЕОРИЙ» В ЭКОНОМИЧЕСКОЙ НАУКЕ
/files/arch/2024/2024-N1/Orekhovsky_VTE_2024_1.pdf;https://questionset.ru/article/308/;308;2024;1;10.52342/2587-7666vte_2024_1_106_120;ИСТОРИЯ ЭКОНОМИЧЕСКОЙ МЫСЛИ ГЛАЗАМИ СТРУКТУРАЛИСТА (Часть 2. Маршалл, «реориентация теории ценности» и аутсайдеры)
/files/arch/2024/2024-N1/Nisnevich_VTE_2024_1.pdf;https://questionset.ru/article/314/;314;2024;1;10.52342/2587-7666vte_2024_1_121_141;ПОЛИТИЧЕСКИЙ ИСЛАМ В МУСУЛЬМАНСКОМ МИРЕ
/files/arch/2024/2024-N1/Kushniruk_VTE_2024_1.pdf;https://questionset.ru/article/315/;315;2024;1;10.52342/2587-7666vte_2024_1_142_153;ГРАЖДАНСКАЯ ИДЕНТИЧНОСТЬ И ПРОФЕССИОНАЛЬНАЯ ЭФФЕКТИВНОСТЬ СПОРТСМЕНОВ
/files/arch/2024/2024-N1/Feldman_VTE_2024_1.pdf;https://questionset.ru/article/316/;316;2024;1;10.52342/2587-7666vte_2024_1_154_164;СОВЕТСКИЙ ОБОРОННЫЙ КОМПЛЕКС В 1928–1937 ГОДАХ: ПРОСТРАНСТВЕННЫЙ СРЕЗ
/files/arch/2024/2024-N1/Pliskevich_VTE_2024_1.pdf;https://questionset.ru/article/317/;317;2024;1;10.52342/2587-7666vte_2024_1_165_179;ЧЕЛОВЕЧЕСКИЙ КАПИТАЛ ПРОФЕССИОНАЛОВ В СОВРЕМЕННОЙ РОССИИ (размышления над новой книгой Н.Е. Тихоновой и её коллег)
/files/arch/2024/2024-N2/Libman_VTE_2024_2.pdf;https://questionset.ru/article/276/;276;2024;2;10.52342/2587-7666vte_2024_2_7_18;ВНЕШНЕЭКОНОМИЧЕСКИЕ УСЛОВИЯ РАЗВИТИЯ РОССИИ: ИЗОЛЯЦИЯ И ПЕРЕОРИЕНТАЦИЯ
/files/arch/2024/2024-N2/Tsedilin_VTE_2024_2.pdf;https://questionset.ru/article/277/;277;2024;2;10.52342/2587-7666vte_2024_2_19_29;ЭКОНОМИЧЕСКИЙ СУВЕРЕНИТЕТ: ПОНИМАНИЕ И ОБОСНОВАНИЕ В СООТВЕТСТВИИ С НОВЫМИ РЕАЛИЯМИ
/files/arch/2024/2024-N2/Belyakov_VTE_2024_2.pdf;https://questionset.ru/article/286/;286;2024;2;10.52342/2587-7666vte_2024_2_30_44;ПОЛИТИКО-ЭКОНОМИЧЕСКАЯ ТЕОРИЯ ПОПУЛИЗМА
/files/arch/2024/2024-N2/Tambovtsev_VTE_2024_2.pdf;https://questionset.ru/article/287/;287;2024;2;10.52342/2587-7666vte_2024_2_45_55;ИНСТИТУЦИОНАЛЬНЫЙ АНАЛИЗ ЭКОНОМИКИ: КАЧЕСТВЕННЫЕ И КОЛИЧЕСТВЕННЫЕ ИССЛЕДОВАНИЯ И МЕТОДЫ
/files/arch/2024/2024-N2/Shastitko_Morosanova_VTE_2024_2.pdf;https://questionset.ru/article/288/;288;2024;2;10.52342/2587-7666vte_2024_2_56_72;ДОРОГАЯ БЕСПЛАТНОСТЬ
/files/arch/2024/2024-N2/Sherbakov_Gartvich_VTE_2024_2.pdf;https://questionset.ru/article/289/;289;2024;2;10.52342/2587-7666vte_2024_2_73_85;ПОДХОДЫ К ПОСТРОЕНИЮ ТРЕЙСЕРА БИЗНЕС-ЦИКЛОВ НА ПРИМЕРЕ ОБРАБАТЫВАЮЩЕЙ ПРОМЫШЛЕННОСТИ РОССИИ
/files/arch/2024/2024-N2/Gloveli_Zaytseva_Minaeva_VTE_2024_2.pdf;https://questionset.ru/article/295/;295;2024;2;10.52342/2587-7666vte_2024_2_86_102;КОНЦЕПЦИЯ ПРОМЫШЛЕННЫХ РЕВОЛЮЦИЙ: ВКЛАД Н. ВИНЕРА И А.И. АНЧИШКИНА
/files/arch/2024/2024-N2/Antipina_Khomutov_VTE_2024_2.pdf;https://questionset.ru/article/296/;296;2024;2;10.52342/2587-7666vte_2024_2_103_115;КАК УДОВЛЕТВОРЁННОСТЬ ЖИЗНЬЮ ЗАВИСИТ ОТ ТИПА НАСЕЛЁННОГО ПУНКТА?
/files/arch/2024/2024-N2/Musikhin_VTE_2024_2.pdf;https://questionset.ru/article/297/;297;2024;2;10.52342/2587-7666vte_2024_2_116_133;НАРРАТИВ КАК СМЫСЛООБРАЗУЮЩИЙ ЭЛЕМЕНТ ПОЛИТИЧЕСКОЙ СИМВОЛИЗАЦИИ
/files/arch/2024/2024-N2/Baskakova_VTE_2024_2.pdf;https://questionset.ru/article/298/;298;2024;2;10.52342/2587-7666vte_2024_2_134_151;ГОСУДАРСТВЕННОЕ РЕГУЛИРОВАНИЕ ЗАНЯТОСТИ ЖЕНЩИН И ПРОФЕССИОНАЛЬНАЯ СЕГРЕГАЦИЯ В РОССИЙСКОЙ СФЕРЕ ТРУДА — 100 ЛЕТ ИСТОРИИ (Часть 2. 1945–1991 гг.)
/files/arch/2024/2024-N2/Sinichenko_VTE_2024_2.pdf;https://questionset.ru/article/299/;299;2024;2;10.52342/2587-7666vte_2024_2_152-169;БАНКОВСКАЯ СИСТЕМА РОССИИ В 1987–1994 гг.: НОВАЯ ОРГАНИЗАЦИЯ И НОВЫЕ ПРОБЛЕМЫ
/files/arch/2024/2024-N2/Zaostrovtsev_VTE_2024_2.pdf;https://questionset.ru/article/300/;300;2024;2;10.52342/2587-7666vte_2024_2_170_179;КАК ВЕСТИ СЕБЯ ЧЕЛОВЕКУ С ГОСУДАРСТВОМ, ЧТОБЫ ВЫЖИТЬ (о книге Я.М. Миркина «Искушение государством: Человек и вертикаль власти 300 лет в России и мире»)
/files/arch/2024/2024-N3/Dmitriev_VTE_2024_3.pdf;https://questionset.ru/article/253/;253;2024;3;10.52342/2587-7666vte_2024_3_7_30;ХОД РЕАЛИЗАЦИИ И ИТОГИ РЕФОРМ СОЦИАЛЬНОЙ СФЕРЫ НАЧАЛА 2000-х гг. В РОССИИ: ПЕРЕОСМЫСЛЕНИЕ В РЕТРОСПЕКТИВЕ
/files/arch/2024/2024-N3/Sablin_Valieva_VTE_2024_3.pdf;https://questionset.ru/article/264/;264;2024;3;10.52342/2587-7666vte_2024_3_31_49;КРЕАТИВНЫЕ ИНДУСТРИИ В СОВРЕМЕННОЙ ЭКОНОМИКЕ: ОПРЕДЕЛЕНИЕ, ПОДХОДЫ К ИЗМЕРЕНИЮ
/files/arch/2024/2024-N3/Kislitsyna_VTE_2024_3.pdf;https://questionset.ru/article/265/;265;2024;3;10.52342/2587-7666vte_2024_3_50_59;ПРЕДСТАВЛЕНИЯ О НЕРАВЕНСТВЕ И ОТНОШЕНИЕ К ПОЛИТИКЕ ПЕРЕРАСПРЕДЕЛЕНИЯ ДОХОДОВ В РОССИИ
/files/arch/2024/2024-N3/Yurevich_VTE_2024_3.pdf;https://questionset.ru/article/266/;266;2024;3;10.52342/2587-7666vte_2024_3_60_72;УМНАЯ СПЕЦИАЛИЗАЦИЯ И АНТИКРИЗИСНАЯ УСТОЙЧИВОСТЬ РЕГИОНОВ РОССИИ
/files/arch/2024/2024-N3/Avakyan_VTE_2024_3.pdf;https://questionset.ru/article/267/;267;2024;3;10.52342/2587-7666vte_2024_3_73_92;РОЛЬ БЮДЖЕТНЫХ ПРАВИЛ И ИХ ЭФФЕКТИВНОСТЬ В ДОСТИЖЕНИИ МАКРОЭКОНОМИЧЕСКОЙ СТАБИЛЬНОСТИИ
/files/arch/2024/2024-N3/Klyachko_VTE_2024_3.pdf;https://questionset.ru/article/268/;268;2024;3;10.52342/2587-7666vte_2024_3_93_121;ЗАРАБОТНАЯ ПЛАТА ПРОФЕССОРСКО-ПРЕПОДАВАТЕЛЬСКОГО СОСТАВА И НАУЧНЫХ РАБОТНИКОВ РОССИЙСКИХ ВЫСШИХ УЧЕБНЫХ ЗАВЕДЕНИЙ
/files/arch/2024/2024-N3/Galeev_Chernikov_VTE_2024_3.pdf;https://questionset.ru/article/269/;269;2024;3;10.52342/2587-7666vte_2024_3_122_138;«ЛЕКЦИИ ПО ЮРИСПРУДЕНЦИИ» В КОНТЕКСТЕ РАЗВИТИЯ ЭКОНОМИЧЕСКОЙ ТЕОРИИ АДАМА СМИТА
/files/arch/2024/2024-N3/Borokh_VTE_2024_3.pdf;https://questionset.ru/article/270/;270;2024;3;10.52342/2587-7666vte_2024_3_139_150;ЭКОНОМИЧЕСКОЕ УЧЕНИЕ ЧАН КАЙШИ: ПОЛИТИЧЕСКИЕ ОЦЕНКИ И АКАДЕМИЧЕСКИЕ ИНТЕРПРЕТАЦИИ (Часть 1. Китайские и зарубежные отклики 1940-х гг.)
/files/arch/2024/2024-N3/Pain_VTE_2024_3.pdf;https://questionset.ru/article/271/;271;2024;3;10.52342/2587-7666vte_2024_3_151_170;ПОЗИТИВНОЕ ВЫРАВНИВАНИЕ В ЯЗЫКОВОЙ ПОЛИТИКЕ: «ЗА» И «ПРОТИВ». ОПЫТ СССР, СОВРЕМЕННОЙ РОССИИ И ДРУГИХ ГОСУДАРСТВ
/files/arch/2024/2024-N3/Medushevskiy_VTE_2024_3.pdf;https://questionset.ru/article/272/;272;2024;3;10.52342/2587-7666vte_2024_3_171_185;ПОСТГУМАНИЗМ: НАУЧНАЯ ТЕОРИЯ, СОЦИАЛЬНАЯ УТОПИЯ ИЛИ НОВАЯ ИДЕОЛОГИЯ ГОСПОДСТВА? (Часть I)
/files/arch/2024/2024-N3/Tatarko_Bushina_Mironova_VTE_2024_3.pdf;https://questionset.ru/article/273/;273;2024;3;10.52342/2587-7666vte_2024_3_186_199;ВЗАИМОСВЯЗЬ ИНСТИТУЦИОНАЛЬНОГО ДОВЕРИЯ И ПОЛИТИЧЕСКОЙ АКТИВНОСТИ ОНЛАЙН
/files/arch/2024/2024-N3/Obolonsky_VTE_2024_3.pdf;https://questionset.ru/article/274/;274;2024;3;10.52342/2587-7666vte_2024_3_200_215;НЕМАТЕРИАЛЬНЫЕ ДЕТЕРМИНАНТЫ СОЦИАЛЬНО-ЭКОНОМИЧЕСКОГО ПОВЕДЕНИЯ, ИЛИ «НЕ ХЛЕБОМ ЕДИНЫМ» (Статья первая)
/files/arch/2024/2024-N3/Stepanov_VTE_2024_3.pdf;https://questionset.ru/article/275/;275;2024;3;10.52342/2587-7666vte_2024_3_216_224;ТАМОЖЕННАЯ ОХРАНА ОТЕЧЕСТВЕННОЙ ПРОМЫШЛЕННОСТИ В ТРУДАХ И ПОЛИТИКЕ Н.Х. БУНГЕ
/files/arch/2024/2024-N4/Volchik_Fursa_VTE_2024_4.pdf;https://questionset.ru/article/240/;240;2024;4;10.52342/2587-7666vte_2024_4_7_21;ИДЕОЛОГИЯ И ТЕОРЕТИЧЕСКИЕ НАРРАТИВЫ В ЭКОНОМИЧЕСКОЙ НАУКЕ
/files/arch/2024/2024-N4/Zaostrovtsev_VTE_2024_4.pdf;https://questionset.ru/article/241/;241;2024;4;10.52342/2587-7666vte_2024_4_22_44;ГОСУДАРСТВО БЛАГОСОСТОЯНИЯ: ВЕЛИКОДУШИЕ ИЛИ ХИЩНИЧЕСТВО?
/files/arch/2024/2024-N4/Tambovtsev_VTE_2024_4.pdf;https://questionset.ru/article/242/;242;2024;4;10.52342/2587-7666vte_2024_4_45_58;НАРОДНАЯ ЭКОНОМИЧЕСКАЯ ТЕОРИЯ И ФЕНОМЕН ОТСТУПЛЕНИЯ ДЕМОКРАТИИ
/files/arch/2024/2024-N4/Balatsky_Ekimova_VTE_2024_4.pdf;https://questionset.ru/article/243/;243;2024;4;10.52342/2587-7666vte_2024_4_59_85;СЕЛЕКТИВНАЯ ТЕРРИТОРИАЛЬНАЯ ДИФФУЗИЯ ТЕХНОЛОГИЙ С УЧЁТОМ ЭФФЕКТА МАСШТАБА
/files/arch/2024/2024-N4/Yanovskiy_Zhavoronkov_VTE_2024_4.pdf;https://questionset.ru/article/244/;244;2024;4;10.52342/2587-7666vte_2024_4_86_99;«НАШЕСТВИЕ РОБОТОВ»: ПРИСТУП ЛУДДИЗМА ИЛИ РЕАЛЬНЫЙ ВЫЗОВ?
/files/arch/2024/2024-N4/Chubarova_VTE_2024_4.pdf;https://questionset.ru/article/245/;245;2024;4;10.52342/2587-7666vte_2024_4_100_114;НЕРАВЕНСТВО В СОСТОЯНИИ ЗДОРОВЬЯ: СОЦИАЛЬНО-ЭКОНОМИЧЕСКИЙ ПОДХОД
/files/arch/2024/2024-N4/Borokh_VTE_2024_4.pdf;https://questionset.ru/article/246/;246;2024;4;10.52342/2587-7666vte_2024_4_115_127;ЭКОНОМИЧЕСКОЕ УЧЕНИЕ ЧАН КАЙШИ: ПОЛИТИЧЕСКИЕ ОЦЕНКИ И АКАДЕМИЧЕСКИЕ ИНТЕРПРЕТАЦИИ (Часть 2. Критический взгляд через призму советской политической экономии)
/files/arch/2024/2024-N4/Melnik_VTE_2024_4.pdf;https://questionset.ru/article/247/;247;2024;4;10.52342/2587-7666vte_2024_4_128_141;ЛИБЕРАЛЫ И ГОСУДАРСТВО В ИТАЛИИ: ЛИБЕРАЛЬНЫЙ РЕФОРМИЗМ ДЖОВАННИ ДЖОЛИТТИ И ЕГО КРИТИКИ
/files/arch/2024/2024-N4/Medushevskiy_VTE_2024_4.pdf;https://questionset.ru/article/248/;248;2024;4;10.52342/2587-7666vte_2024_4_142_158;ПОСТГУМАНИЗМ: НАУЧНАЯ ТЕОРИЯ, СОЦИАЛЬНАЯ УТОПИЯ ИЛИ НОВАЯ ИДЕОЛОГИЯ ГОСПОДСТВА? (Часть II)
/files/arch/2024/2024-N4/Zarubina_VTE_2024_4.pdf;https://questionset.ru/article/249/;249;2024;4;10.52342/2587-7666vte_2024_4_159_174;НАУЧНАЯ МЕТАФОРА «ЧЕЛОВЕЧЕСКИЙ ПОТЕНЦИАЛ»: АНАЛИТИЧЕСКИЕ ВОЗМОЖНОСТИ ЦИВИЛИЗАЦИОННОГО ПОДХОДА
/files/arch/2024/2024-N4/Rimskiy_VTE_2024_4.pdf;https://questionset.ru/article/250/;250;2024;4;10.52342/2587-7666vte_2024_4_175_196;СПРАВЕДЛИВОЕ СОЦИАЛЬНОЕ ГОСУДАРСТВО КАК ЦЕННОСТЬ И КАК РЕАЛЬНОСТЬ ДЛЯ РОССИЙСКИХ ГРАЖДАН (Часть 1. Социальное государство)
/files/arch/2024/2024-N4/Feldman_VTE_2024_4.pdf;https://questionset.ru/article/251/;251;2024;4;10.52342/2587-7666vte_2024_4_197_214;СЕКРЕТНОЕ СОВЕЩАНИЕ В ЦК ВКП(б) 22–23 ИЮНЯ 1931 г.  — ПОИСК НОВОГО ЭКОНОМИЧЕСКОГО КУРСА
/files/arch/2024/2024-N4/Kruglova_VTE_2024_4.pdf;https://questionset.ru/article/252/;252;2024;4;10.52342/2587-7666vte_2024_4_215_224;КИТАЙСКАЯ МОДЕЛЬ ГОСУДАРСТВА РАЗВИТИЯ: ОБЗОР ИССЛЕДОВАТЕЛЬСКОЙ ЛИТЕРАТУРЫ
/files/arch/2025/2025-N1/Antipina_VTE_2025_1.pdf;https://questionset.ru/article/228/;228;2025;1;10.52342/2587-7666vte_2025_1_7_22;ЭКОНОМИЧЕСКИЙ СМЫСЛ И ПРИКЛАДНОЕ ЗНАЧЕНИЕ ИНДИКАТОРОВ УДОВЛЕТВОРЁННОСТИ ЖИЗНЬЮ
/files/arch/2025/2025-N1/Pliskevich_VTE_2025_1.pdf;https://questionset.ru/article/229/;229;2025;1;10.52342/2587-7666vte_2025_1_23_36;СПЕЦИФИКА РОССИЙСКИХ ИНСТИТУТОВ И ПАТЕРНАЛИЗМ ГОСУДАРСТВА (Часть 1. Государство в узком и широком смысле)
/files/arch/2025/2025-N1/Baturina_VTE_2025_1.pdf;https://questionset.ru/article/230/;230;2025;1;10.52342/2587-7666vte_2025_1_37_50;ЭКОНОМИКО-ПРАВОВОЕ ПРОСТРАНСТВО ТЕНЕВОЙ ЭКОНОМИКИ
/files/arch/2025/2025-N1/Komarovskaya_VTE_2025_1.pdf;https://questionset.ru/article/231/;231;2025;1;10.52342/2587-7666vte_2025_1_51_64;ОПРЕДЕЛЯЯ НЕОПРЕДЕЛЁННОСТЬ
/files/arch/2025/2025-N1/Melnik_VTE_2025_1.pdf;https://questionset.ru/article/232/;232;2025;1;10.52342/2587-7666vte_2025_1_65_78;МАФФЕО ПАНТАЛЕОНИ: ЛИБЕРАЛЬНЫЙ ЭКОНОМИСТ И КРИЗИС ЛИБЕРАЛЬНОГО ГОСУДАРСТВА В ИТАЛИИ
/files/arch/2025/2025-N1/Nisnevich_VTE_2025_1.pdf;https://questionset.ru/article/233/;233;2025;1;10.52342/2587-7666vte_2025_1_79_92;МИР АВТОРИТАРНОГО ПРАВЛЕНИЯ В НАЧАЛЕ XXI ВЕКА (Часть 1)
/files/arch/2025/2025-N1/Tikhonova_VTE_2025_1.pdf;https://questionset.ru/article/234/;234;2025;1;10.52342/2587-7666vte_2025_1_93_112;ЖИЗНЕННЫЙ УСПЕХ: ЧТО ОН ОЗНАЧАЕТ ДЛЯ РОССИЯН?
/files/arch/2025/2025-N1/Efimova_VTE_2025_1.pdf;https://questionset.ru/article/235/;235;2025;1;10.52342/2587-7666vte_2025_1_113_126;СОЦИАЛЬНАЯ АКТИВНОСТЬ РОССИЙСКОЙ МОЛОДЁЖИ: КОНТЕКСТУАЛЬНОПСИХОЛОГИЧЕСКИЕ ФАКТОРЫ
/files/arch/2025/2025-N1/Rimsky_VTE_2025_1.pdf;https://questionset.ru/article/236/;236;2025;1;10.52342/2587-7666vte_2025_1_127_146;СПРАВЕДЛИВОЕ СОЦИАЛЬНОЕ ГОСУДАРСТВО КАК ЦЕННОСТЬ И КАК РЕАЛЬНОСТЬ ДЛЯ РОССИЙСКИХ ГРАЖДАН (Часть 2. Принципы справедливости в социальном государстве)
/files/arch/2025/2025-N1/Baskakova_VTE_2025_1.pdf;https://questionset.ru/article/237/;237;2025;1;10.52342/2587-7666vte_2025_1_147_166;ГОСУДАРСТВЕННОЕ РЕГУЛИРОВАНИЕ ЗАНЯТОСТИ ЖЕНЩИН И ПРОФЕССИОНАЛЬНАЯ СЕГРЕГАЦИЯ В РОССИЙСКОЙ СФЕРЕ ТРУДА — 100 ЛЕТ ИСТОРИИ (Часть 3. 1992–2024 гг.)
/files/arch/2025/2025-N1/Baranov_VTE_2025_1.pdf;https://questionset.ru/article/238/;238;2025;1;10.52342/2587-7666vte_2025_1_167_184;ЭКОНОМИКА СЕВАСТОПОЛЯ В 1920-е гг.: ОТ ПОЛИТИКИ «ВОЕННОГО КОММУНИЗМА» К НЭПУ
/files/arch/2025/2025-N1/Vinokurov_VTE_2025_1.pdf;https://questionset.ru/article/239/;239;2025;1;10.52342/2587-7666vte_2025_1_185_196;НОБЕЛЕВСКАЯ ПРЕМИЯ ПО ЭКОНОМИКЕ 2024  г. И ПЕРСПЕКТИВЫ ИНСТИТУЦИОНАЛЬНОЙ ЭКОНОМИКИ
/files/arch/2025/2025-N2/VTE_2025_2_Shastitko_Pavlova.pdf;https://questionset.ru/article/216/;216;2025;2;10.52342/2587-7666vte_2025_2_7_21;МЕДИАЦИЯ СКВОЗЬ ЛИНЗУ ЭКОНОМИЧЕСКОЙ ТЕОРИИ ТРАНСАКЦИОННЫХ ИЗДЕРЖЕК: ПРЕДМЕТНОЕ ПОЛЕ ПРОБЛЕМЫ И ВЫВОДЫ ДЛЯ ПОЛИТИКИ
/files/arch/2025/2025-N2/VTE_2025_2_Pliskevich.pdf;https://questionset.ru/article/217/;217;2025;2;10.52342/2587-7666vte_2025_2_22_39;СПЕЦИФИКА РОССИЙСКИХ ИНСТИТУТОВ И ПАТЕРНАЛИЗМ ГОСУДАРСТВА (Часть 2. Эволюция патерналистского государства)
/files/arch/2025/2025-N2/VTE_2025_2_Tambovtsev.pdf;https://questionset.ru/article/218/;218;2025;2;10.52342/2587-7666vte_2025_2_40_54;СВОЙСТВА ИНСТИТУТОВ КАК ПРЕНЕБРЕГАЕМЫЙ ОБЪЕКТ ИССЛЕДОВАНИЯ
/files/arch/2025/2025-N2/VTE_2025_2_Ionov.pdf;https://questionset.ru/article/219/;219;2025;2;10.52342/2587-7666vte_2025_2_55_70;«ЦИВИЛИЗАЦИОННЫЙ РЕНЕССАНС» И СОЦИОКУЛЬТУРНАЯ ЭКОНОМИКА
/files/arch/2025/2025-N2/VTE_2025_2_Shestakova.pdf;https://questionset.ru/article/220/;220;2025;2;10.52342/2587-7666vte_2025_2_71_86;ДОЛГОСРОЧНЫЙ УХОД — ОТВЕТСТВЕННОСТЬ ГОСУДАРСТВА, ОБЩЕСТВА ИЛИ СЕМЬИ (ВЗГЛЯД С ВОСТОКА И ЗАПАДА)
/files/arch/2025/2025-N2/VTE_2025_2_Vasiliev_%20Aleksandrov.pdf;https://questionset.ru/article/221/;221;2025;2;10.52342/2587-7666vte_2025_2_87_109;Рынок цифровых валют как фактор трансформации архитектуры денежных систем
/files/arch/2025/2025-N2/VTE_2025_2_Nisnevich.pdf;https://questionset.ru/article/222/;222;2025;2;10.52342/2587-7666vte_2025_2_110_129;МИР АВТОРИТАРНОГО ПРАВЛЕНИЯ В НАЧАЛЕ XXI ВЕКА (Часть 2)
/files/arch/2025/2025-N2/VTE_2025_2_Medushevskiy.pdf;https://questionset.ru/article/223/;223;2025;2;10.52342/2587-7666vte_2025_2_130_143;МЕЖДУНАРОДНОЕ ПРАВОСУДИЕ В ПОИСКАХ РАВНОВЕСИЯ МЕЖДУ ПРАВОМ И ПОЛИТИКОЙ (Часть 1)
/files/arch/2025/2025-N2/VTE_2025_2_Pavlenko.pdf;https://questionset.ru/article/224/;224;2025;2;10.52342/2587-7666vte_2025_2_144_163;СОЦИАЛЬНЫЙ КАПИТАЛ И ЭКОНОМИЧЕСКОЕ НЕРАВЕНСТВО В ГОРОДАХ РОССИИ: АНАЛИЗ СОЦИАЛЬНЫХ СЕТЕЙ
/files/arch/2025/2025-N2/VTE_2025_2_Makarova_Orekhovsky.pdf;https://questionset.ru/article/225/;225;2025;2;10.52342/2587-7666vte_2025_2_164_180;ТРАНСПОРТНЫЙ КОЛЛАПС 1990–1991 гг. И СДВИГ В СТРУКТУРЕ РОССИЙСКИХ ГРУЗОПЕРЕВОЗОК
/files/arch/2025/2025-N2/VTE_2025_2_Feldman.pdf;https://questionset.ru/article/226/;226;2025;2;10.52342/2587-7666vte_2025_2_181_195;ГОСУДАРСТВЕННАЯ ПРОГРАММА ТЕХНИЧЕСКОЙ УЧЁБЫ РАБОЧИХ В 1936–1940 гг. НА СТРАНИЦАХ ЖУРНАЛА «ТЕХНИЧЕСКАЯ УЧЁБА»
/files/arch/2025/2025-N2/VTE_2025_2_Zaostrovtsev.pdf;https://questionset.ru/article/227/;227;2025;2;10.52342/2587-7666vte_2025_2_196_204;И СНОВА О ПРИРОДЕ БОГАТСТВА (о книге М. Коямы и Дж. Рубина «Как разбогател мир: исторические истоки экономического роста»)
/files/arch/2025/2025-N3/VTE_2025_3_Kheyfets_Chernova.pdf;https://questionset.ru/article/204/;204;2025;3;10.52342/2587-7666vte_2025_3_7_24;МЕЖДУНАРОДНАЯ НАКОПИТЕЛЬНАЯ ИНТЕГРАЦИЯ И ОЦЕНКА ЕЁ ЭКОНОМИЧЕСКИХ ЭФФЕКТОВ
/files/arch/2025/2025-N3/VTE_2025_3_Trofimova.pdf;https://questionset.ru/article/205/;205;2025;3;10.52342/2587-7666vte_2025_3_25_37;ИНСТИТУТ ДОТАЦИЙ В РОССИИ
/files/arch/2025/2025-N3/VTE_2025_3_Libman.pdf;https://questionset.ru/article/206/;206;2025;3;10.52342/2587-7666vte_2025_3_38_48;ТЕКСТ-КАК-ДАННЫЕ: ЭКОНОМИЧЕСКАЯ ПЕРСПЕКТИВА
/files/arch/2025/2025-N3/VTE_2025_3_Kislitsyna.pdf;https://questionset.ru/article/207/;207;2025;3;10.52342/2587-7666vte_2025_3_49_64;ПОЧЕМУ РОССИЯНЕ ИЗБЕГАЮТ МЕДИЦИНСКОЙ ПОМОЩИ? (Социально-демографические детерминанты и причины избегающего поведения)
/files/arch/2025/2025-N3/VTE_2025_3_Klyachko.pdf;https://questionset.ru/article/208/;208;2025;3;10.52342/2587-7666vte_2025_3_65_89;НАУЧНЫЕ ИССЛЕДОВАНИЯ В РОССИЙСКИХ ВУЗАХ: ПРОБЛЕМЫ И РЕГИОНАЛЬНЫЕ ОСОБЕННОСТИ
/files/arch/2025/2025-N3/VTE_2025_3_Yurevich_Fedyunina.pdf;https://questionset.ru/article/209/;209;2025;3;10.52342/2587-7666vte_2025_3_90_104;ЭКОЛОГИЧЕСКАЯ ПОЛИТИКА ПРИНИМАЮЩИХ ЭКОНОМИК И МУЛЬТИНАЦИОНАЛЬНЫЕ КОРПОРАЦИИ: ЭМПИРИЧЕСКИЙ АНАЛИЗ
/files/arch/2025/2025-N3/VTE_2025_3_Zyubina.pdf;https://questionset.ru/article/210/;210;2025;3;10.52342/2587-7666vte_2025_3_105_118;НЕ ВСЁ ТО ЗОЛОТО, ЧТО В БС
/files/arch/2025/2025-N3/VTE_2025_3_Medushevskiy.pdf;https://questionset.ru/article/211/;211;2025;3;10.52342/2587-7666vte_2025_3_119_133;МЕЖДУНАРОДНОЕ ПРАВОСУДИЕ В ПОИСКАХ РАВНОВЕСИЯ МЕЖДУ ПРАВОМ И ПОЛИТИКОЙ (Часть 2)
/files/arch/2025/2025-N3/VTE_2025_3_Musikhin.pdf;https://questionset.ru/article/212/;212;2025;3;10.52342/2587-7666vte_2025_3_134_143;КОММУНИКАЦИЯ В КОНТЕКСТЕ ПОЛИТИЧЕСКОЙ СИМВОЛИЗАЦИИ: ОТ ДИСКУРСОВ К РЕЧЕВЫМ СИТУАЦИЯМ
/files/arch/2025/2025-N3/VTE_2025_3_Loginov_Maleva.pdf;https://questionset.ru/article/213/;213;2025;3;10.52342/2587-7666vte_2025_3_144_158;ИНФЛЯЦИЯ, ЭКОНОМИЯ И ОНЛАЙН-ПОКУПКИ: ПОТРЕБИТЕЛЬСКОЕ ПОВЕДЕНИЕ РОССИЯН В ПЕРВОЙ ПОЛОВИНЕ 2020-х ГОДОВ
/files/arch/2025/2025-N3/VTE_2025_3_Kavaliou.pdf;https://questionset.ru/article/214/;214;2025;3;10.52342/2587-7666vte_2025_3_159_167;ХОЗЯЙСТВЕННАЯ ДЕЯТЕЛЬНОСТЬ ОРДЕНА ТАМПЛИЕРОВ
/files/arch/2025/2025-N3/VTE_2025_3_Maltsev_Chichilimov.pdf;https://questionset.ru/article/215/;215;2025;3;10.52342/2587-7666vte_2025_3_168_178;В ПРОДОЛЖЕНИЕ ДИСКУССИИ О ПЕРВОПРИЧИНАХ УСТОЙЧИВОГО ЭКОНОМИЧЕСКОГО РОСТА (О РАБОТЕ Й. СТЕЙНССОНА)
